{"faceMorph":{"allowDiscardFrame":false,"canvasSize":[750,1334],"makeups":[{"enable":true,"imagePath":"__facemorph/eyelinera.png","imageScale":1,"name":"eyelinera","position":[200,482],"tag":"EYE_LINER","blendMode": "Multiply","useOpenMouth":true,"zPosition":0}],"targetFPS":25},"newPartField":"3.0","stickerType":"faceMorph","toolVersion":"Mac_2.2.4","totalMem":0.14,"transitions":{"Transition1":{"conditions":[{"preState":"","triggers":"H.face.appear"}],"randomShow":false,"targets":[{"delay":0,"fadingFrame":0,"lastingFrame":0,"loop":0,"targetPart":"eyelinera","targetState":"playing"}]}},"version":"3.0"}