{"newPartField":"3.0","parts":{"ear":{"allowDiscardFrame":false,"blendMode":0,"enable":true,"frameCount":18,"height":429,"hotlinkEnable":false,"position":{"positionX":[{"index":43,"x":344.17,"y":568.33}],"positionY":[]},"positionRelationType":1,"positionType":1,"positionType2":0,"rotateCenter":[{"index":46,"x":343.77,"y":674.92}],"scale":{"scaleX":{"pointA":[{"index":74,"x":240.77,"y":573.19}],"pointB":[{"index":77,"x":447.33,"y":573.61}]},"scaleY":{"pointA":[],"pointB":[]}},"stickerGroup":{"groupSize":1,"index":0},"targetFPS":25,"width":711,"zPosition":3},"hearta":{"allowDiscardFrame":false,"blendMode":0,"enable":true,"frameCount":23,"height":399,"hotlinkEnable":false,"position":{"positionX":[{"index":61,"x":16.57,"y":325.52}],"positionY":[]},"positionRelationType":1,"positionType":1,"positionType2":0,"rotateCenter":[{"index":46,"x":-131.71,"y":428.33}],"scale":{"scaleX":{"pointA":[{"index":74,"x":-234.59,"y":326.7}],"pointB":[{"index":77,"x":-28.26,"y":327.13}]},"scaleY":{"pointA":[],"pointB":[]}},"stickerGroup":{"groupSize":1,"index":0},"targetFPS":25,"width":303,"zPosition":2},"heartb":{"allowDiscardFrame":false,"blendMode":0,"enable":true,"frameCount":23,"height":411,"hotlinkEnable":false,"position":{"positionX":[{"index":52,"x":271.47,"y":322.03}],"positionY":[]},"positionRelationType":1,"positionType":1,"positionType2":0,"rotateCenter":[{"index":46,"x":419.82,"y":425.77}],"scale":{"scaleX":{"pointA":[{"index":74,"x":316.37,"y":323.59}],"pointB":[{"index":77,"x":523.83,"y":324.02}]},"scaleY":{"pointA":[],"pointB":[]}},"stickerGroup":{"groupSize":1,"index":0},"targetFPS":25,"width":255,"zPosition":1},"ring":{"allowDiscardFrame":false,"blendMode":0,"enable":true,"frameCount":14,"height":288,"hotlinkEnable":false,"position":{"positionX":[{"index":43,"x":228.7,"y":-308.74}],"positionY":[]},"positionRelationType":1,"positionType":1,"positionType2":0,"rotateCenter":[{"index":46,"x":228.3,"y":-201.79}],"scale":{"scaleX":{"pointA":[{"index":74,"x":124.96,"y":-303.87}],"pointB":[{"index":77,"x":332.2,"y":-303.44}]},"scaleY":{"pointA":[],"pointB":[]}},"stickerGroup":{"groupSize":1,"index":0},"targetFPS":25,"width":438,"zPosition":0}},"stickerType":"2D","toolVersion":"Win_2.2.0","totalMem":47.48,"transitions":{"Transition1":{"conditions":[{"preState":"","triggers":"H.face.appear"}],"randomShow":false,"targets":[{"delay":0,"fadingFrame":0,"lastingFrame":0,"loop":0,"targetPart":"ear","targetState":"playing"},{"delay":0,"fadingFrame":0,"lastingFrame":0,"loop":0,"targetPart":"ring","targetState":"playing"}]},"Transition2":{"conditions":[{"preState":"","triggers":"H.eye_blink.appear"}],"randomShow":false,"targets":[{"delay":0,"fadingFrame":0,"lastingFrame":0,"loop":2,"targetPart":"hearta","targetState":"playing"},{"delay":10,"fadingFrame":0,"lastingFrame":0,"loop":2,"targetPart":"heartb","targetState":"playing"}]}},"version":"3.0"}