{"faceMorph":{"allowDiscardFrame":false,"canvasSize":[750,1334],"makeups":[{"enable":true,"imagePath":"__facemorph/a.png","imageScale":0.29,"name":"a","position":[245,515],"tag":"EYEBALL_BEAUTY","useOpenMouth":true,"zPosition":0}],"targetFPS":25},"newPartField":"3.0","stickerType":"faceMorph","toolVersion":"Win_2.3.2","totalMem":0.8,"transitions":{"Transition1":{"conditions":[{"preState":"","triggers":"H.face.appear"}],"randomShow":false,"targets":[{"delay":0,"fadingFrame":0,"lastingFrame":0,"loop":0,"targetPart":"a","targetState":"playing"}]}},"version":"3.0"}