{"newPartField":"3.0","parts":{"fadai":{"allowDiscardFrame":false,"blendMode":0,"enable":true,"frameCount":22,"height":399,"hotlinkEnable":false,"position":{"positionX":[{"index":74,"x":235.71,"y":301.83},{"index":77,"x":442.87,"y":300.54}],"positionY":[]},"positionRelationType":1,"positionType":1,"positionType2":0,"rotateCenter":[{"index":46,"x":339.85,"y":413.92}],"scale":{"scaleX":{"pointA":[{"index":74,"x":235.71,"y":301.83}],"pointB":[{"index":77,"x":442.87,"y":300.54}]},"scaleY":{"pointA":[],"pointB":[]}},"stickerGroup":{"groupSize":1,"index":0},"targetFPS":25,"targetType":"FACE","width":600,"zPosition":0},"glass":{"allowDiscardFrame":false,"blendMode":0,"enable":true,"frameCount":32,"height":213,"hotlinkEnable":false,"position":{"positionX":[{"index":9,"x":96.94,"y":39.92},{"index":12,"x":445.93,"y":39.92}],"positionY":[]},"positionRelationType":1,"positionType":2,"positionType2":0,"rotateCenter":[{"index":13,"x":271.44,"y":143.7}],"scale":{"scaleX":{"pointA":[{"index":9,"x":96.94,"y":39.92}],"pointB":[{"index":12,"x":445.93,"y":39.92}]},"scaleY":{"pointA":[],"pointB":[]}},"stickerGroup":{"groupSize":1,"index":0},"targetFPS":25,"targetType":"CAT","width":552,"zPosition":1},"hat":{"allowDiscardFrame":false,"blendMode":0,"enable":true,"frameCount":18,"height":352,"hotlinkEnable":false,"position":{"positionX":[{"index":9,"x":155,"y":303},{"index":12,"x":461,"y":303}],"positionY":[]},"positionRelationType":1,"positionType":2,"positionType2":0,"rotateCenter":[{"index":13,"x":308,"y":394}],"scale":{"scaleX":{"pointA":[{"index":9,"x":155,"y":303}],"pointB":[{"index":12,"x":461,"y":303}]},"scaleY":{"pointA":[],"pointB":[]}},"stickerGroup":{"groupSize":1,"index":0},"targetFPS":25,"targetType":"CAT","width":600,"zPosition":2}},"stickerType":"2D","toolVersion":"Win_2.2.4","totalMem":48.95,"transitions":{"Transition1":{"conditions":[{"preState":"","triggers":"H.face.appear"}],"randomShow":false,"targets":[{"delay":0,"fadingFrame":0,"lastingFrame":0,"loop":0,"targetPart":"fadai","targetState":"playing"}]},"Transition2":{"conditions":[{"preState":"","triggers":"H.face.appear"}],"randomShow":false,"targets":[{"delay":0,"fadingFrame":0,"lastingFrame":0,"loop":0,"targetPart":"glass","targetState":"playing"}]},"Transition3":{"conditions":[{"preState":"","triggers":"H.face.appear"}],"randomShow":false,"targets":[{"delay":0,"fadingFrame":0,"lastingFrame":0,"loop":0,"targetPart":"hat","targetState":"playing"}]}},"version":"3.0"}