{"newPartField":"3.0","parts":{"bg":{"allowDiscardFrame":false,"blendMode":0,"enable":true,"frameCount":11,"height":1334,"hotlinkEnable":false,"position":{"positionX":[{"index":106,"x":0,"y":0},{"index":107,"x":742.08,"y":0}],"positionY":[]},"positionRelationType":0,"positionType":65536,"positionType2":0,"rotateCenter":[{"x":375,"y":667}],"scale":{"scaleX":{"pointA":[{"index":106,"x":0,"y":0}],"pointB":[{"index":107,"x":742.08,"y":0}]},"scaleY":{"pointA":[],"pointB":[]}},"stickerGroup":{"groupSize":1,"index":0},"targetFPS":25,"width":750,"zPosition":0},"face":{"allowDiscardFrame":false,"blendMode":0,"enable":true,"frameCount":1,"height":376,"hotlinkEnable":false,"position":{"positionX":[{"index":45,"x":367.9,"y":157.24}],"positionY":[]},"positionRelationType":1,"positionType":1,"positionType2":0,"rotateCenter":[{"index":46,"x":367.73,"y":192.64}],"scale":{"scaleX":{"pointA":[{"index":74,"x":265.67,"y":91.83}],"pointB":[{"index":77,"x":470.35,"y":92.25}]},"scaleY":{"pointA":[],"pointB":[]}},"stickerGroup":{"groupSize":1,"index":0},"targetFPS":25,"width":750,"zPosition":2},"paopao":{"allowDiscardFrame":false,"blendMode":0,"enable":true,"frameCount":38,"height":866,"hotlinkEnable":false,"position":{"positionX":[{"index":114,"x":326.36,"y":749.94}],"positionY":[]},"positionRelationType":1,"positionType":16384,"positionType2":0,"rotateCenter":[{"x":350,"y":433}],"scale":{"scaleX":{"pointA":[{"index":110,"x":157.73,"y":649.75}],"pointB":[{"index":111,"x":495,"y":649.75}]},"scaleY":{"pointA":[],"pointB":[]}},"stickerGroup":{"groupSize":1,"index":0},"targetFPS":25,"width":700,"zPosition":1}},"stickerType":"2D","toolVersion":"Win_2.2.0","totalMem":130.93,"transitions":{"Transition1":{"conditions":[{"preState":"","triggers":"H.background.appear"}],"randomShow":false,"targets":[{"delay":0,"fadingFrame":0,"lastingFrame":0,"loop":0,"targetPart":"bg","targetState":"playing"}]},"Transition2":{"conditions":[{"preState":"","triggers":"H.face.appear"}],"randomShow":false,"targets":[{"delay":0,"fadingFrame":0,"lastingFrame":0,"loop":0,"targetPart":"face","targetState":"playing"}]},"Transition3":{"conditions":[{"preState":"","triggers":"H.hand_love.appear"}],"randomShow":false,"targets":[{"delay":0,"fadingFrame":0,"lastingFrame":0,"loop":0,"targetPart":"paopao","targetState":"playing"}]},"Transition4":{"conditions":[{"preState":"","triggers":"H.hand_love.disappear"}],"randomShow":false,"targets":[{"delay":0,"fadingFrame":0,"lastingFrame":0,"loop":0,"targetPart":"paopao","targetState":"invisible"}]}},"version":"3.0"}