{"newPartField":"3.0","parts":{"ear":{"allowDiscardFrame":false,"blendMode":0,"enable":true,"frameCount":20,"height":472,"hotlinkEnable":false,"position":{"positionX":[{"index":74,"x":305.26,"y":503.89},{"index":77,"x":511.84,"y":504.32}],"positionY":[]},"positionRelationType":1,"positionType":1,"positionType2":0,"rotateCenter":[{"index":46,"x":408.27,"y":605.64}],"scale":{"scaleX":{"pointA":[{"index":74,"x":305.26,"y":503.89}],"pointB":[{"index":77,"x":511.84,"y":504.32}]},"scaleY":{"pointA":[],"pointB":[]}},"stickerGroup":{"groupSize":1,"index":0},"targetFPS":25,"width":840,"zPosition":3},"face":{"allowDiscardFrame":false,"blendMode":0,"enable":true,"frameCount":18,"height":222,"hotlinkEnable":false,"position":{"positionX":[{"index":46,"x":289.46,"y":67.54}],"positionY":[]},"positionRelationType":1,"positionType":1,"positionType2":0,"rotateCenter":[{"index":46,"x":289.46,"y":67.54}],"scale":{"scaleX":{"pointA":[{"index":74,"x":186.32,"y":-34.34}],"pointB":[{"index":77,"x":393.16,"y":-33.9}]},"scaleY":{"pointA":[],"pointB":[]}},"stickerGroup":{"groupSize":1,"index":0},"targetFPS":25,"width":576,"zPosition":2},"hand":{"allowDiscardFrame":false,"blendMode":0,"enable":true,"frameCount":39,"height":560,"hotlinkEnable":false,"position":{"positionX":[{"index":98,"x":295.57,"y":46.94}],"positionY":[]},"positionRelationType":1,"positionType":1,"positionType2":0,"rotateCenter":[{"index":46,"x":296.94,"y":-70.17}],"scale":{"scaleX":{"pointA":[{"index":74,"x":191.14,"y":-174.67}],"pointB":[{"index":77,"x":403.33,"y":-174.23}]},"scaleY":{"pointA":[],"pointB":[]}},"stickerGroup":{"groupSize":1,"index":0},"targetFPS":25,"width":622,"zPosition":0},"tooth":{"allowDiscardFrame":false,"blendMode":0,"enable":true,"frameCount":5,"height":109,"hotlinkEnable":false,"position":{"positionX":[{"index":98,"x":64.61,"y":41.42}],"positionY":[]},"positionRelationType":1,"positionType":1,"positionType2":0,"rotateCenter":[{"index":46,"x":66,"y":-77.12}],"scale":{"scaleX":{"pointA":[{"index":74,"x":-41.1,"y":-182.9}],"pointB":[{"index":77,"x":173.68,"y":-182.46}]},"scaleY":{"pointA":[],"pointB":[]}},"stickerGroup":{"groupSize":1,"index":0},"targetFPS":25,"width":131,"zPosition":1}},"stickerType":"2D","toolVersion":"Win_2.2.0","totalMem":91.12,"transitions":{"Transition1":{"conditions":[{"preState":"","triggers":"H.face.appear"}],"randomShow":false,"targets":[{"delay":0,"fadingFrame":0,"lastingFrame":0,"loop":0,"targetPart":"ear","targetState":"playing"},{"delay":0,"fadingFrame":0,"lastingFrame":0,"loop":0,"targetPart":"face","targetState":"playing"},{"delay":0,"fadingFrame":0,"lastingFrame":0,"loop":0,"targetPart":"hand","targetState":"playing"},{"delay":0,"fadingFrame":0,"lastingFrame":0,"loop":0,"targetPart":"tooth","targetState":"playing"}]}},"version":"3.0"}