{"faceMorph":{"allowDiscardFrame":false,"canvasSize":[750,1334],"makeups":[{"enable":true,"imagePath":"__facemorph/face.png","imageScale":1,"name":"face","position":[0,455],"tag":"BLUSH","blendMode": "Multiply","zPosition":0}],"targetFPS":25},"newPartField":"3.0","stickerType":"faceMorph","toolVersion":"Mac_2.2.3","totalMem":0.97,"transitions":{"Transition1":{"conditions":[{"preState":"","triggers":"H.face.appear"}],"randomShow":false,"targets":[{"delay":0,"fadingFrame":0,"lastingFrame":0,"loop":0,"targetPart":"face","targetState":"playing"}]}},"version":"3.0"}