{"faceMorph":{"allowDiscardFrame":false,"canvasSize":[750,1334],"makeups":[{"enable":true,"imagePath":"__facemorph/eyeshadowa.png","imageScale":1,"name":"eyeshadowa","position":[200,483],"tag":"EYE_SHADOW","blendMode": "Multiply","useOpenMouth":true,"zPosition":0}],"targetFPS":25},"newPartField":"3.0","stickerType":"faceMorph","toolVersion":"Mac_2.2.4","totalMem":0.14,"transitions":{"Transition1":{"conditions":[{"preState":"","triggers":"H.face.appear"}],"randomShow":false,"targets":[{"delay":0,"fadingFrame":0,"lastingFrame":0,"loop":0,"targetPart":"eyeshadowa","targetState":"playing"}]}},"version":"3.0"}