{
	"faceMorph": {
		"allowDiscardFrame": false,
		"canvasSize": [750, 1334],
		"makeups": [{
			"enable": true,
			"imagePath": "__facemorph/mouth.png",
			"imageScale": 0.99,
			"lipTablePath": "__lipTable/table.png",
			"name": "mouth",
			"position": [310, 714],
            "tag": "MASK_LUT",
            "blendMode": "LUT",
			"useOpenMouth": true,
			"zPosition": 0
		}],
		"targetFPS": 25
	},
	"newPartField": "3.0",
	"stickerType": "faceMorph",
	"toolVersion": "Mac_2.2.4",
	"totalMem": 0.07,
	"transitions": {
		"Transition1": {
			"conditions": [{
				"preState": "",
				"triggers": "H.face.appear"
			}],
			"randomShow": false,
			"targets": [{
				"delay": 0,
				"fadingFrame": 0,
				"lastingFrame": 0,
				"loop": 0,
				"targetPart": "mouth",
				"targetState": "playing"
			}]
		}
	},
	"version": "3.0"
}