{
    "version":"3.0",
    "stickerType": "3DMicroPlastic",
    "3dMicroPlastic":{
        "defaultParts" : {
                "enable": true,
                "zPosition": 1000,
                "fbx": "fbx/Facemesh.FBX",
                "faceMeshName": "M_FaceMesh",
                "plasticArray":[
                    {
                        "groupName": "eyeScale",
                        "groupWeight": 0.0,
                        "groupBlendShapes":[
                            {
                                "name":"EyeScale01",
                                "submeshIndex":0,
                                "blendshapeIndex":0,
                                "weight":0,
                                "minWeight":0.0,
                                "maxWeight":0.2,
                                "isNegativeBS": true
                            },
                            {
                                "name":"EyeScale02",
                                "submeshIndex":0,
                                "blendshapeIndex":1,
                                "weight":0,
                                "minWeight":0.0,
                                "maxWeight":0.3,
                                "isNegativeBS": false
                            }
                        ]
                    },
                    { 
                        "groupName": "eyeHeight",  
                        "groupWeight": 0.0,
                        "groupBlendShapes": 
                        [
                            {
                                "name":"EyeHeight01",
                                "submeshIndex":0,
                                "blendshapeIndex":2,
                                "weight":0,
                                "minWeight":0.0,
                                "maxWeight":0.2,
                                "isNegativeBS": true
                            },
                            {
                                "name":"EyeHeight02",
                                "submeshIndex":0,
                                "blendshapeIndex":3,
                                "weight":0,
                                "minWeight":0.0,
                                "maxWeight":0.2,
                                "isNegativeBS": false
                            }
                        ]
                    },
                    {
                        "groupName": "eyeWidth",
                        "groupWeight": 0.0,
                        "groupBlendShapes":
                        [
                            {
                                "name":"EyeWidth01",
                                "submeshIndex":0,
                                "blendshapeIndex":4,
                                "weight":0,
                                "minWeight":0.0,
                                "maxWeight":0.5,
                                "isNegativeBS": true
                            },
                            {
                                "name":"EyeWidth02",
                                "submeshIndex":0,
                                "blendshapeIndex":5,
                                "weight":0,
                                "minWeight":0.0,
                                "maxWeight":0.5,
                                "isNegativeBS": false
                            }
                        ]
                    },
                    {
                        "groupName": "eyeOuterWidth",
                        "groupWeight":0.0,
                        "groupBlendShapes":
                        [
                            {
                                "name":"EyeOuterWidth01",
                                "submeshIndex":0,
                                "blendshapeIndex":6,
                                "weight":0,
                                "minWeight":0.0,
                                "maxWeight":0.2,
                                "isNegativeBS": true
                            },
                            {
                                "name":"EyeOuterWidth02",
                                "submeshIndex":0,
                                "blendshapeIndex":7,
                                "weight":0,
                                "minWeight":0.0,
                                "maxWeight":0.2,
                                "isNegativeBS": false
                            }
                        ]
                    },
                    {
                        "groupName": "eyeDepth",
                        "groupWeight": 0.0,
                        "groupBlendShapes":
                        [
                            {
                                "name":"EyeDepth01",
                                "submeshIndex":0,
                                "blendshapeIndex":8,
                                "weight":0,
                                "minWeight":0.0,
                                "maxWeight":0.2,
                                "isNegativeBS": true
                            },
                            {
                                "name":"EyeDepth02",
                                "submeshIndex":0,
                                "blendshapeIndex":9,
                                "weight":0,
                                "minWeight":0.0,
                                "maxWeight":0.2,
                                "isNegativeBS": false
                            }
                        ]
                    },
                    {
                        "groupName": "eyeLowerDepth",
                        "groupWeight":0.0,
                        "groupBlendShapes":
                        [
                            {
                                "name":"EyeLowerDepth01",
                                "submeshIndex":0,
                                "blendshapeIndex":10,
                                "weight":0,
                                "minWeight":0.0,
                                "maxWeight":1.0,
                                "isNegativeBS": true
                            },
                            {
                                "name":"EyeLowerDepth02",
                                "submeshIndex":0,
                                "blendshapeIndex":11,
                                "weight":0,
                                "minWeight":0.0,
                                "maxWeight":1.0,
                                "isNegativeBS": false
                            }
                        ]
                    },
                    {
                        "groupName": "eyeAngle",
                        "groupWeight": 0.0,
                        "groupBlendShapes": 
                        [
                            {
                                "name":"EyeAngle01",
                                "submeshIndex":0,
                                "blendshapeIndex":12,
                                "weight":0,
                                "minWeight":0.0,
                                "maxWeight":0.2,
                                "isNegativeBS": true
                            },
                            {
                                "name":"EyeAngle02",
                                "submeshIndex":0,
                                "blendshapeIndex":13,
                                "weight":0,
                                "minWeight":0.0,
                                "maxWeight":0.2,
                                "isNegativeBS": false
                            }
                        ]
                    },
                    {
                        "groupName":"noseWidth",
                        "groupWeight": 0.0,
                        "groupBlendShapes": 
                        [
                            {
                                "name":"NoseWidth01 ",
                                "submeshIndex":0,
                                "blendshapeIndex":16,
                                "weight":0,
                                "minWeight":0.0,
                                "maxWeight":0.2,
                                "isNegativeBS": true
                            },
                            {
                                "name":"NoseWidth02",
                                "submeshIndex":0,
                                "blendshapeIndex":17,
                                "weight":0,
                                "minWeight":0.0,
                                "maxWeight":0.2,
                                "isNegativeBS": false
                            }
                        ]
                    },
                    {
                        "groupName":"noseHeight",
                        "groupWeight": 0.0,
                        "groupBlendShapes": 
                        [
                            {
                                "name":"NoseHeight01",
                                "submeshIndex":0,
                                "blendshapeIndex":18,
                                "weight":0,
                                "minWeight":0.0,
                                "maxWeight":0.1,
                                "isNegativeBS": true
                            },
                            {
                                "name":"NoseHeight02",
                                "submeshIndex":0,
                                "blendshapeIndex":19,
                                "weight":0,
                                "minWeight":0.0,
                                "maxWeight":0.1,
                                "isNegativeBS": false
                            }
                        ]
                    },
                    {
                        "groupName":"noseDepth",
                        "groupWeight": 0.0,
                        "groupBlendShapes": 
                        [
                            {
                                "name":"NoseDepth01",
                                "submeshIndex":0,
                                "blendshapeIndex":20,
                                "weight":0,
                                "minWeight":0.0,
                                "maxWeight":0.2,
                                "isNegativeBS": true
                            },
                            {
                                "name":"NoseDepth02",
                                "submeshIndex":0,
                                "blendshapeIndex":21,
                                "weight":0,
                                "minWeight":0.0,
                                "maxWeight":0.2,
                                "isNegativeBS": false
                            }
                        ]
                    },
                    {
                        "groupName":"noseRidgeUpper",
                        "groupWeight": 0.0,
                        "groupBlendShapes":
                        [
                            {
                                "name":"NoseRidgeUpper01",
                                "submeshIndex":0,
                                "blendshapeIndex":22,
                                "weight":0,
                                "minWeight":0.0,
                                "maxWeight":0.5,
                                "isNegativeBS": true
                            },
                            {
                                "name":"NoseRidgeUpper02",
                                "submeshIndex":0,
                                "blendshapeIndex":23,
                                "weight":0,
                                "minWeight":0.0,
                                "maxWeight":0.6,
                                "isNegativeBS": false
                            }
                        ]
                    },
                    {
                        "groupName":"noseRidgeCurve",
                        "groupWeight": 0.0,
                        "groupBlendShapes": 
                        [
                            {
                                "name":"NoseRidgeCurve01",
                                "submeshIndex":0,
                                "blendshapeIndex":24,
                                "weight":0,
                                "minWeight":0.0,
                                "maxWeight":0.4,
                                "isNegativeBS": true
                            },
                            {
                                "name":"NoseRidgeCurve02",
                                "submeshIndex":0,
                                "blendshapeIndex":25,
                                "weight":0,
                                "minWeight":0.0,
                                "maxWeight":0.5,
                                "isNegativeBS": false
                            }
                        ]
                    },
                    {
                        "groupName":"noseTipHeight",
                        "groupWeight": 0.0,
                        "groupBlendShapes": 
                        [
                            {
                                "name":"NoseTipHeight01",
                                "submeshIndex":0,
                                "blendshapeIndex":26,
                                "weight":0,
                                "minWeight":0.0,
                                "maxWeight":0.2,
                                "isNegativeBS": true
                            },
                            {
                                "name":"NoseTipHeight02",
                                "submeshIndex":0,
                                "blendshapeIndex":27,
                                "weight":0,
                                "minWeight":0.0,
                                "maxWeight":0.1,
                                "isNegativeBS": false
                            }
                        ]
                    },
                    {
                        "groupName":"nostrilWidth",
                        "groupWeight": 0.0,
                        "groupBlendShapes": 
                        [
                            {
                                "name":"NostrilWidth01",
                                "submeshIndex":0,
                                "blendshapeIndex":28,
                                "weight":0,
                                "minWeight":0.0,
                                "maxWeight":0.6,
                                "isNegativeBS": true
                            },
                            {
                                "name":"NostrilWidth02",
                                "submeshIndex":0,
                                "blendshapeIndex":29,
                                "weight":0,
                                "minWeight":0.0,
                                "maxWeight":0.6,
                                "isNegativeBS": false
                            }
                        ]
                    },
                    {
                        "groupName":"mouthScale",
                        "groupWeight": 0.0,
                        "groupBlendShapes": 
                        [
                            {
                                "name":"MouthScale01",
                                "submeshIndex":0,
                                "blendshapeIndex":30,
                                "weight":0,
                                "minWeight":0.0,
                                "maxWeight":0.4,
                                "isNegativeBS": true
                            },
                            {
                                "name":"MouthScale02",
                                "submeshIndex":0,
                                "blendshapeIndex":31,
                                "weight":0,
                                "minWeight":0.0,
                                "maxWeight":0.4,
                                "isNegativeBS": false
                            }
                        ]
                    },
                    {
                        "groupName":"mouthWidth",
                        "groupWeight": 0.0,
                        "groupBlendShapes": 
                        [
                            {
                                "name":"MouthWidth01",
                                "submeshIndex":0,
                                "blendshapeIndex":32,
                                "weight":0,
                                "minWeight":0.0,
                                "maxWeight":0.3,
                                "isNegativeBS": true
                            },
                            {
                                "name":"MouthWidth02",
                                "submeshIndex":0,
                                "blendshapeIndex":33,
                                "weight":0,
                                "minWeight":0.0,
                                "maxWeight":0.3,
                                "isNegativeBS": false
                            }
                        ]
                    },
                    {
                        "groupName":"mouthHeight",
                        "groupWeight": 0.0, 
                        "groupBlendShapes":
                        [
                            {
                                "name":"MouthHeight01",
                                "submeshIndex":0,
                                "blendshapeIndex":34,
                                "weight":0,
                                "minWeight":0.0,
                                "maxWeight":0.4,
                                "isNegativeBS": true
                            },
                            {
                                "name":"MouthHeight02",
                                "submeshIndex":0,
                                "blendshapeIndex":35,
                                "weight":0,
                                "minWeight":0.0,
                                "maxWeight":0.3,
                                "isNegativeBS": false
                            }
                        ]
                    },
                    {
                        "groupName":"mouthDepth",
                        "groupWeight": 0.0, 
                        "groupBlendShapes": 
                        [
                            {
                                "name":"MouthDepth01",
                                "submeshIndex":0,
                                "blendshapeIndex":36,
                                "weight":0,
                                "minWeight":0.0,
                                "maxWeight":0.2,
                                "isNegativeBS": true
                            },
                            {
                                "name":"MouthDepth02",
                                "submeshIndex":0,
                                "blendshapeIndex":37,
                                "weight":0,
                                "minWeight":0.0,
                                "maxWeight":0.2,
                                "isNegativeBS": false
                            }
                        ]
                    }, 
                    {
                        "groupName":"lipThin",
                        "groupWeight": 0.0,
                        "groupBlendShapes": 
                        [
                            {
                                "name":"LipThin01",
                                "submeshIndex":0,
                                "blendshapeIndex":38,
                                "weight":0,
                                "minWeight":0.0,
                                "maxWeight":0.5,
                                "isNegativeBS": true
                            },
                            {
                                "name":"LipThin02",
                                "submeshIndex":0,
                                "blendshapeIndex":39,
                                "weight":0,
                                "minWeight":0.0,
                                "maxWeight":0.5,
                                "isNegativeBS": false
                            }
                        ]
                    },
                    {
                        "groupName":"headOuterWidth",
                        "groupWeight": 0.0,
                        "groupBlendShapes": 
                        [
                            {
                                "name":"HeadOuterWidth01",
                                "submeshIndex":0,
                                "blendshapeIndex":42,
                                "weight":0,
                                "minWeight":0.0,
                                "maxWeight":0.1,
                                "isNegativeBS": true
                            },
                            {
                                "name":"HeadOuterWidth02",
                                "submeshIndex":0,
                                "blendshapeIndex":43,
                                "weight":0,
                                "minWeight":0.0,
                                "maxWeight":0.3,
                                "isNegativeBS": false
                            }
                        ]
                    },
                    {
                        "groupName":"Beeplips",
                        "groupWeight": 0.0,
                        "groupBlendShapes": 
                            [
                            {
                                "name":"Beeplips",
                                "submeshIndex":0,
                                "blendshapeIndex":50,
                                "weight":0,
                                "minWeight":0.0,
                                "maxWeight":1.0
                            }
                        ]
                    },
                    {
                        "groupName":"Smilinglips",
                        "groupWeight": 0.0,
                        "groupBlendShapes": 
                            [
                            {
                                "name":"Smilinglips",
                                "submeshIndex":0,
                                "blendshapeIndex":51,
                                "weight":0,
                                "minWeight":0.0,
                                "maxWeight":1.0
                            }
                        ]
                    },
                    {
                        "groupName":"Cheekbone",
                        "groupWeight": 0.0,
                        "groupBlendShapes": 
                            [
                            {
                                "name":"Cheekbone",
                                "submeshIndex":0,
                                "blendshapeIndex":52,
                                "weight":0,
                                "minWeight":0.0,
                                "maxWeight":0.8
                            }
                        ]
                    },
                    {
                        "groupName":"Forehead",
                        "groupWeight": 0.0,
                        "groupBlendShapes": 
                            [
                            {
                                "name":"Forehead",
                                "submeshIndex":0,
                                "blendshapeIndex":54,
                                "weight":0,
                                "minWeight":0.0,
                                "maxWeight":1.0
                            }
                        ]
                    },
                    {
                        "groupName":"Nasolabial",
                        "groupWeight": 0.0,
                        "groupBlendShapes": 
                            [
                            {
                                "name":"Nasolabial",
                                "submeshIndex":0,
                                "blendshapeIndex":55,
                                "weight":0,
                                "minWeight":0.0,
                                "maxWeight":1.0
                            }
                        ]
                    },
                    {
                        "groupName":"Tearditch",
                        "groupWeight": 0.0,
                        "groupBlendShapes": 
                            [
                            {
                                "name":"Tearditch",
                                "submeshIndex":0,
                                "blendshapeIndex":56,
                                "weight":0,
                                "minWeight":0.0,
                                "maxWeight":1.0
                            }
                        ]
                    },
                    {
                        "groupName":"Browbone",
                        "groupWeight": 0.0,
                        "groupBlendShapes": 
                            [
                            {
                                "name":"Browbone",
                                "submeshIndex":0,
                                "blendshapeIndex":59,
                                "weight":0,
                                "minWeight":0.0,
                                "maxWeight":1.0
                            }
                        ]
                    },
                    {
                        "groupName":"Raiseeyebrows",
                        "groupWeight": 0.0,
                        "groupBlendShapes": 
                            [
                            {
                                "name":"Raiseeyebrows",
                                "submeshIndex":0,
                                "blendshapeIndex":57,
                                "weight":0,
                                "minWeight":0.0,
                                "maxWeight":1.0
                            }
                        ]
                    },
                    {
                        "groupName":"Temple",
                        "groupWeight": 0.0,
                        "groupBlendShapes": 
                            [
                            {
                                "name":"Temple",
                                "submeshIndex":0,
                                "blendshapeIndex":58,
                                "weight":0,
                                "minWeight":0.0,
                                "maxWeight":0.6
                            }
                        ]
                    },
                    {
                        "groupName":"Foreheadtwo",
                        "groupWeight": 0.0,
                        "groupBlendShapes": 
                            [
                            {
                                "name":"Foreheadtwo",
                                "submeshIndex":0,
                                "blendshapeIndex":60,
                                "weight":0,
                                "minWeight":0.0,
                                "maxWeight":1.0
                            }
                        ]
                    },
                    {
                        "groupName":"Outereyetail",
                        "groupWeight": 0.0,
                        "groupBlendShapes": 
                            [
                            {
                                "name":"Outereyetail",
                                "submeshIndex":0,
                                "blendshapeIndex":61,
                                "weight":0,
                                "minWeight":0.0,
                                "maxWeight":0.6
                            }
                        ]
                    },
                    {
                        "groupName":"Innercorner",
                        "groupWeight": 0.0,
                        "groupBlendShapes": 
                            [
                            {
                                "name":"Innercorner",
                                "submeshIndex":0,
                                "blendshapeIndex":62,
                                "weight":0,
                                "minWeight":0.0,
                                "maxWeight":0.7
                            }
                        ]
                    }
                ]
        }
    }
}
