{
  "version": "2.0",
  "stickerType": "avatar",
  "parts3d": {
    "metaScenePath": "_metascene",
    "modelList": [
      {
        "name": "head",
        "positionType": "FACE",
        "positionOcclusion": true,
        "transformTrack": {
          "translation": true,
          "rotation": true,
          "scale": true
        },
        "showupTrigger": {
          "triggerType": 0,
          "triggerDelay": 0,
          "displayFrames": 0,
          "triggerStop": false
        },
        "fileName": "_metascene/ST_Models/head+hair/head.FBX",
        "textureSubPath": "_metascene/Assets\\ST_Models\\body_head\\tex",
        "diffuseObject": "",
        "materialFile": "",
        "sequenceTexSubPath": "",
        "targetFPS": 0,
        "allowDiscardFrame": false,
        "texAnimNodeName": "",
        "assimpBS": 1,
        "faceDriveOffset" : {
        	"x" : 0,
        	"y" : -1.5,
        	"z" : -0.05
        },
        "IsDrivingBody": true,
        "bsFilePath": "",
        "skinDiffuseObjects": [
          "head/head"
        ],
        "seperateEyes": {
          "leftEyeName": "",
          "rightEyeName": ""
        },
        "featureParams": {
          "featureType": "",
          "IsSameSkeletal": false,
          "IsMultiBones": false,
          "parent": {
            "metaSceneName": "",
            "boneName": ""
          },
          "featureTransform": {
            "localPosition": {
              "x": 0.0,
              "y": 0.0,
              "z": 0.0
            },
            "localRotation": {
              "x": 0.0,
              "y": 0.0,
              "z": 0.0,
              "w": 0.0
            },
            "localScale": {
              "x": 0.0,
              "y": 0.0,
              "z": 0.0
            }
          },
          "bindBones": []
        }
      }
    ],
    "particleList": [],
    "background": {
      "mode": "none",
      "imagePath": "",
      "color": [
        0.0,
        0.0,
        0.0,
        0.0
      ]
    },
    "lights": {
      "enable": true,
      "envLight": [
        0.2120,
        0.2270,
        0.2590
      ],
      "light0": {
        "position": [
          0.0,
          0.0,
          0.0
        ],
        "diffuse": [
          0.0,
          0.0,
          0.0
        ],
        "specular": [
          0.0,
          0.0,
          0.0
        ]
      },
      "light1": {
        "position": [
          0.0,
          0.0,
          0.0
        ],
        "diffuse": [
          0.0,
          0.0,
          0.0
        ],
        "specular": [
          0.0,
          0.0,
          0.0
        ]
      },
      "light2": {
        "position": [
          0.0,
          0.0,
          0.0
        ],
        "diffuse": [
          0.0,
          0.0,
          0.0
        ],
        "specular": [
          0.0,
          0.0,
          0.0
        ]
      }
    },
    "cameraFov": 60.0,
    "cubeMapSubPath": "",
    "skyboxMapSubPath": ""
  }
}